problem, iters, time, err1, err2, err3, err4, err5
arch8.dat-s, 26, 364.709259057, 1.33057585374356769620734775225406059e-10, 0.00000000000000000000000000000000000e+00, 9.35601487728617335327345558589450920e-31, 0.00000000000000000000000000000000000e+00, 1.07017952440058435064998710861102429e-09
control1.dat-s, 19, 0.072432853, 4.69918157869803860513126823300567241e-10, 0.00000000000000000000000000000000000e+00, 8.30101645870988553112119598228049767e-29, 0.00000000000000000000000000000000000e+00, 1.11411369942462753986308433949088555e-10
truss1.dat-s, 11, 0.001913751, 3.91190697505425401195503691999862225e-13, 0.00000000000000000000000000000000000e+00, 2.08543621616222095731173011219382057e-33, 0.00000000000000000000000000000000000e+00, 2.82017419070781729019494358816310744e-10
theta1.dat-s, 13, 4.760057669, 3.10042122795579862131950185476664314e-16, 0.00000000000000000000000000000000000e+00, 1.53613287931531831399868794842457590e-32, 0.00000000000000000000000000000000000e+00, 7.17201577973391882030012275712887448e-10
qap6.dat-s, 50, 52.561463914, 6.23802939060574583181687731597517994e+00, 0.00000000000000000000000000000000000e+00, 6.93359893237791914912688796596317252e-27, 0.00000000000000000000000000000000000e+00, 7.13781109249275291474227094120234794e-02
ss30.dat-s, 22, 1468.833347948, 5.90537785108459415514032618087968914e-10, 0.00000000000000000000000000000000000e+00, 2.73013792457576551169109216335278157e-31, 0.00000000000000000000000000000000000e+00, 6.48693552917957780546448887150858665e-11
