problem, iters, time, err1, err2, err3, err4, err5
arch8.dat-s, 26, 0.459494264, 2.8794501060636967e-9, 0.0, 8.548539454813921e-13, 2.463269305451005e-7, 1.9391099932510933e-9
control1.dat-s, 19, 0.002401707, 2.4513925345333423e-9, 0.0, -3.7435289954457563e-7, 2.427798219644563e-7, 8.920362236771399e-10
truss1.dat-s, 11, 0.000868109, 3.142418606806161e-11, 0.0, -2.554686176102875e-7, 0.0, 2.9698912162912114e-10
theta1.dat-s, 13, 0.023003217, 8.546432261850346e-11, 0.0, -2.3442217345816377e-7, 0.0, 1.014545800387231e-9
qap6.dat-s, 15, 0.058024424, 1.7717155521838483e-6, 0.0, -2.091444330496676e-7, 6.415060970589105e-10, -4.532873966685168e-5
ss30.dat-s, 22, 0.903317957, 2.2942240392532554e-9, 0.0, 2.3461337931830687e-13, 0.0, 4.476536627675491e-9
